Discount,Avg_sales
0,218.3361115
0.1,709.6755
0.15,417.911
0.2,219.8185214
0.3,463.5576094
0.32,627.2558
0.4,621.1736053
0.45,457.501
0.5,1736.4288
0.6,55.0462439
0.7,116.1061324
0.8,56.55673118
